[{"petname":{"S":"Paws"},"data_found":{"S":"2019-01-02TT17:19:52.608Z"},"breed":{"S":"Siberian"},"gender":{"S":"Male"},"notable_features":{"S":"Mute"}},{"petname":{"S":"Mitzy"},"data_found":{"S":"2019-01-02TT17:19:52.608Z"},"breed":{"S":"Turkish Angora"},"gender":{"S":"Female"},"notable_features":{"S":"Missing hair near tail"}},{"petname":{"S":"Hosepipe"},"data_found":{"S":"2019-01-05T12:30:52.608Z"},"breed":{"S":"British Shorthair"},"gender":{"S":"Male"},"notable_features":{"S":"Stubby Paw"}},{"petname":{"S":"Biggy"},"data_found":{"S":"2019-01-02TT17:19:52.608Z"},"breed":{"S":"Maine Coon"},"gender":{"S":"Female"},"notable_features":{"S":"Different eye colors. Once green and one brown"}},{"petname":{"S":"Duchess"},"data_found":{"S":"2019-01-02TT17:19:52.608Z"},"breed":{"S":"Korean Bobtail"},"gender":{"S":"Female"},"notable_features":{"S":"Won't eat wet food"}},{"petname":{"S":"Cleo"},"data_found":{"S":"2019-01-02TT17:19:52.608Z"},"breed":{"S":"Egyptian Mau"},"gender":{"S":"Male"},"notable_features":{"S":"Rear left leg limp"}},{"petname":{"S":"Peavey"},"data_found":{"S":"2019-01-02TT17:19:52.608Z"},"breed":{"S":"Persian"},"gender":{"S":"Male"},"notable_features":{"S":"Poor breathing"}},{"petname":{"S":"Missy"},"data_found":{"S":"2019-01-02TT17:19:52.608Z"},"breed":{"S":"Manx"},"gender":{"S":"Female"},"notable_features":{"S":"Has tail"}},{"petname":{"S":"Natalia"},"data_found":{"S":"2019-01-02TT17:19:52.608Z"},"breed":{"S":"Russian Blue"},"gender":{"S":"Female"},"notable_features":{"S":"Short tail"}},{"petname":{"S":"Socks"},"data_found":{"S":"2019-01-02TT17:19:52.608Z"},"breed":{"S":"Somali"},"gender":{"S":"Female"},"notable_features":{"S":"Always sleeps upside down"}},{"petname":{"S":"Simba"},"data_found":{"S":"2019-04-02T16:07:58.608Z"},"breed":{"S":"Bengal"},"gender":{"S":"Male"},"notable_features":{"S":"Dark spot on right ear"}},{"petname":{"S":"Grumpy"},"data_found":{"S":"2019-01-02TT17:19:52.608Z"},"breed":{"S":"Burmese"},"gender":{"S":"Male"},"notable_features":{"S":"Limps a bit on left paw"}},{"petname":{"S":"Konger"},"data_found":{"S":"2019-01-02TT17:19:52.608Z"},"breed":{"S":"Korat"},"gender":{"S":"Male"},"notable_features":{"S":"Nose scar"}},{"petname":{"S":"Tom"},"data_found":{"S":"2019-01-02TT17:19:52.608Z"},"breed":{"S":"Himalayan"},"gender":{"S":"Male"},"notable_features":{"S":"Cut on side of right ear"}},{"petname":{"S":"Felix"},"data_found":{"S":"2019-01-02TT17:19:52.608Z"},"breed":{"S":"Cyprus"},"gender":{"S":"Male"},"notable_features":{"S":"Cut on tail"}},{"petname":{"S":"Mischief"},"data_found":{"S":"2019-01-02TT17:19:52.608Z"},"breed":{"S":"Siamese"},"gender":{"S":"Female"},"notable_features":{"S":"Overweight"}},{"petname":{"S":"Reality"},"data_found":{"S":"2019-01-02TT17:19:52.608Z"},"breed":{"S":"Sphynx"},"gender":{"S":"Male"},"notable_features":{"S":"Won't let him cut his nails"}},{"petname":{"S":"Dinka"},"data_found":{"S":"2019-03-02T16:12:52.608Z"},"breed":{"S":"Black Moggie"},"gender":{"S":"Female"},"notable_features":{"S":"Jet black with white spot on tail"}},{"petname":{"S":"Sally"},"data_found":{"S":"2019-01-02TT17:19:52.608Z"},"breed":{"S":"Japanese Bobtail"},"gender":{"S":"Female"},"notable_features":{"S":"Scar on front right leg"}},{"petname":{"S":"Queenie"},"data_found":{"S":"2019-01-02TT17:19:52.608Z"},"breed":{"S":"Norwegian Forest Cat"},"gender":{"S":"Female"},"notable_features":{"S":"Crys all the timer"}},{"petname":{"S":"Puddles"},"data_found":{"S":"2019-01-02TT17:19:52.608Z"},"breed":{"S":"Russian Blue"},"gender":{"S":"Male"},"notable_features":{"S":"Cut on right ear"}}]